Course,Title,Pathways Area,Writing Intesive / College Options
ACCT 393W,Seminar in Accounting," ",Writing Intensive
ANTH 212,Peoples of the Middle East," ",Writing Intensive
ANTH 242W,Archaeology of Europe," ",Writing Intensive
ANTH 276W,Human Growth and Development," ",Writing Intensive
ANTH 290W,VT: Topics in Anthropology," ",Writing Intensive
ARAB 305,Advanced Arabic I," ",Language
BIOL 11,Intro to College Biology,Required Core - Life and Physical Sciences,Science
BUS 341W,Intermediate Finance," ",Writing Intensive
BUS 3913W,Special Problems," ",Writing Intensive
CMAL 101W,Cultural Studies: Short Poem," ",Writing Intensive
CMLIT 101,Global Literatures I,Flexible Core - World Cultures & Global Issues,Literature
CSCI 111,Intro Algorithmic Problem Solv,Flexible Core - Scientific World,Science
DRAM 344W,Playwriting Workshop," ",Writing Intensive
EAST 251,Mod Jpns Fict:Transl," ",Literature
ECON 135W,Economics Writing Workshop," ",Writing Intensive
ECON 3911W,Special Problems," ",Writing Intensive
ECON 392W,Honors Seminar," ","Writing Intensive, Writing Intensive"
ENGL 151W,Readings in British Literature," ","Literature, Writing Intensive"
ENGL 161,Introduction to Narrative," ",Literature
ENGL 210W,Intro Creative Writing," ",Writing Intensive
ENGL 312,"Medieval Literature, 1100-1500"," ",Literature
ENGL 321,Seventeenth-Century Literature," ",Literature
ENGL 344,The Eighteenth-Century Novel," ",Literature
ENGL 366,Intro to Irish Literature," ",Literature
EURO 203W,VT: European Literatures," ",Writing Intensive
FREN 205,Intro to Literary Analysis,Flexible Core - World Cultures & Global Issues,"Language, Literature"
FREN 224,Advanced French Grammar," ",Language
FREN 225,Fren Comp & Gram II," ",Language
FREN 320,Vt: Tops Early French Lit," ",Language
GERM 111,Elementary German I," ",Language
GERM 203,Intermediate German I," ",Language
GERM 250W,German Film and Media," ",Writing Intensive
GERM 326,Romanticism," ",Language
GRKMD 322,Survey Mod Grk Lit II," ",Language
HEBRW 321,Readings from the Torah," ",Language
HIST 102W,Mod Eur 1815-Pres,Flexible Core - World Cultures & Global Issues,Writing Intensive
HIST 392W,Colloquium," ",Writing Intensive
HNRS 126W,The Peopling of New York,Flexible Core - US Experience in its Diversity,Writing Intensive
HTH 102,Freshman Humanities Colloquium," ",Literature
ITAL 357,Vt:Ren Lit III:Prose," ",Language
JPNS 102,Elementary Japanese II," ",Language
JPNS 306,Advanced Modern Japanese II," ",Language
LABST 101W,Introduction to Labor Studies," ",Writing Intensive
MEDST 355W,Aesthetics Of Comm," ",Writing Intensive
MES 250,Lit Islamic World,Flexible Core - Individual and Society,Literature
MNSCI 113,Contemporary Issues in the Sci,Flexible Core - Scientific World,Science
MUSIC 377,Musical Form and Analysis," ",Synthesis
PHIL 109,Formal Logic," ",Language
PHIL 116W,Intro Philosophy of Religion,Flexible Core - Individual and Society,Writing Intensive
PHYS 395W,Senior Research Project I," ",Writing Intensive
PSCI 2955W,Internship in Law and Advocacy," ",Writing Intensive
PSCI 382W,Seminar in Law and Politics," ",Writing Intensive
RUSS 203,Intermediate Russian I," ",Language
SOC 382H,Vt:  Senior Seminar," ",Writing Intensive
SPAN 222,Lng Wkshp Non-Span Herit Stud,Flexible Core - World Cultures & Global Issues,Language
URBST 205W,Urban Cultural Diversity," ",Writing Intensive
URBST 3903W,VT: Tutorial," ",Writing Intensive
WGS 201W,Theories of Feminism," ","Writing Intensive, Writing Intensive"
YIDD 204,Intermediate Yiddish II," ",Language
BIOL 34,Genomics Research Experience I," ","Science, Science"
PHYS 1221,General Physics II Laboratory," ",Science
HIST 391W,VT: History and Literature," ",Writing Intensive
SPAN 114,Span for Heritage Spkrs I," ",Language
SPAN 51,Hisp-Jewish Lit in Translat," ",Literature
ANTH 246W,Archaeology of the Near East," ",Writing Intensive
MUSIC 377H,Musical Form and Analysis," ",Writing Intensive
DANCE 350W,Time & Dance Image In U.S. I," ",Writing Intensive
GEOL 212W,Sedimen Rocks Fossils & Strata," ",Writing Intensive
ENGL 352,Late19th & Early 20th Cent US," ",Literature
WGS 210W,Vt: Selected Topics," ",Writing Intensive
QNS 101,Queens Community," ",Literature
AFST 205W,African American Literature," ",Writing Intensive
PSYCH 312W,Adv Exp Psy: Sens/Perc," ",Writing Intensive
SEYS 150,Youth & Society,Flexible Core - Individual and Society," "
MUSIC 246,Western Music History I,Flexible Core - World Cultures & Global Issues," "
ARTS 388,Becoming Insect,Flexible Core - Creative Expression," "
URBST 114,Sex and the City,Flexible Core - Individual and Society," "
ARTH 110,Survey of Ancient Art,Flexible Core - Creative Expression," "
CMLIT 215,Topics in Modern Literature,Flexible Core - Creative Expression," "
CSCI 212,Object-Oriented Prog in Java,Required Core - Mathematical&QuantitativeReasoning," "
ENGL 110H,College Writing I,Required Core - English Composition," "
MATH 115,College Algebra for Precalc,Required Core - Mathematical&QuantitativeReasoning," "
HNRS 226,Shape Future Nyc,Flexible Core - Individual and Society," "
MATH 141,Calculus/Differentiation,Required Core - Mathematical&QuantitativeReasoning," "
DANCE 150,Introduction to Dance,Flexible Core - Creative Expression," "
CMLIT 242,Francophone Lit in a World Co,Flexible Core - World Cultures & Global Issues," "
FNES 104,Aspects Of Foods,Flexible Core - World Cultures & Global Issues," "
URBST 105,Urban Politics,Flexible Core - US Experience in its Diversity," "
PHIL 107,Logic and Scientific Reasoning,Flexible Core - Scientific World," "
ANTH 101,Intro To Cultural Anthropology,Flexible Core - World Cultures & Global Issues," "
MATH 122,Precalculus,Required Core - Mathematical&QuantitativeReasoning," "
AMST 110W,Intro Amer Soc/Culture,Flexible Core - US Experience in its Diversity,Writing Intensive
ARTH 254W,Twentieth-Century Art," ",Writing Intensive
ARTH 3204W,Internship in Art History," ",Writing Intensive
BIOL 43,Anatomy & Physiology,Required Core - Life and Physical Sciences,Science
CHEM 1023,Basic Organic Chemistry,Required Core - Life and Physical Sciences,Science
CHIN 204,Intermediate Chinese II," ",Language
CLAS 150,Grk/Lat Class Trans," ",Literature
CLAS 250H,Ancient Epic and Tragedy," ",Writing Intensive
CMLIT 102,Global Literatures II,Flexible Core - World Cultures & Global Issues,Literature
CMLIT 229W,Vt: Women In Modern World Lit,Flexible Core - World Cultures & Global Issues,Writing Intensive
CMLIT 383W,Advanced Seminars," ",Writing Intensive
EAST 250,Modern Chinese Fiction Trans," ",Literature
ECON 134W,Writing Tutorial," ",Writing Intensive
EECE 310W,Cultural Context I: Child Dev," ","Writing Intensive, Writing Intensive"
EECE 310W,Cultural Context I: Child Dev," ","Writing Intensive, Writing Intensive"
ENGL 156W,Introduction to Shakespeare," ",Writing Intensive
ENGL 165H,Introduction to Poetry,Flexible Core - Creative Expression,"Literature, Writing Intensive"
ENGL 170H,Intro Literary Study," ",Writing Intensive
ENGL 211W,Introduction to Writing Nonfic," ",Writing Intensive
ENGL 303W,Non-fiction Workshop," ",Writing Intensive
ENGL 313,The Arthurian Tradition," ",Literature
ENGL 354,African American Literature I," ",Literature
ENGL 355,African American Literature II," ",Literature
ENGL 356,Native American & Indigenous L," ",Literature
FREN 41W,French and Francophone Lit," ","Literature, Writing Intensive"
FREN 45W,French and Francophone Culture,Flexible Core - World Cultures & Global Issues,Writing Intensive
FREN 235,Business French," ",Language
FREN 250W,French & Franco Film & Media,Flexible Core - Creative Expression,Writing Intensive
FREN 345,Vt: French Lit 18 Century," ",Language
FREN 375,Cont Fren Lit Theory," ",Language
GEOL 12,Natural Disasters,Flexible Core - Scientific World,Science
GEOL 25,Natural Resource and Environmt,Flexible Core - Scientific World,Science
GERM 41,German Lit  in Translation," ",Literature
GERM 109,Intensive German I-II," ",Language
GERM 204,Intermediate German II,Flexible Core - World Cultures & Global Issues,Language
GERM 331,Grmn Thtre Lsng Henr Mlr," ",Language
GRKMD 323,Survey Mod Greek III," ",Language
HEBRW 101,Elementary Hebrew I," ",Language
HEBRW 203,Intermediate Hebrew I," ",Language
HIST 370W,VT: Film and History," ",Writing Intensive
IRST 101,Elementary Irish I," ",Language
IRST 102,Elementary Irish II," ",Language
ITAL 111,Elementary Italian I," ",Language
ITAL 336,The Italian Language," ",Language
ITAL 345,Studies in Medieval Literature," ",Language
LATIN 102,Intermediate Latin," ",Language
LATIN 204,Roman Poetry," ",Language
LCD 134W,Writing Tutorial," ",Writing Intensive
LCD 206W,Bilingualism," ",Writing Intensive
MEDST 345W,Great Directors," ",Writing Intensive
MEDST 353W,Amer/British Discourse to 1900," ",Writing Intensive
MEDST 360W,Global Media," ",Writing Intensive
MES 160,Classical Islamic Lit & Civil," ",Literature
PSCI 100H,American Politics and Gov't,Flexible Core - US Experience in its Diversity,Writing Intensive
PSCI 102H,Political Controversies,Flexible Core - US Experience in its Diversity,Writing Intensive
PSCI 2925W,Internship in Urban Politics," ",Writing Intensive
PSCI 2929W,Internship in Urban Politics," ",Writing Intensive
RUSS 155W,Keys to Russian Literature," ","Literature, Writing Intensive"
RUSS 244W,Russ & East Euro Film & Media," ",Writing Intensive
SEYS 363W,Methods Teaching Soc St Mid&HS," ",Writing Intensive
SEYS 381W,Curr & Assmnt in Mathematics," ",Writing Intensive
SPAN 111,Elementary Spanish I," ",Language
SPAN 221,Lang Wkshp Sp Herit St,Flexible Core - World Cultures & Global Issues,Language
SPAN 280,Survey Span-Amer Literature I," ","Language, Language"
SPAN 307,Survey Span-Amer Literature I," ","Language, Language"
SPAN 308,Survey Span-Am Lit II," ","Language, Language"
SPAN 308,Survey Span-Am Lit II," ","Language, Language"
SPAN 312,The Cult Civilition Latin Amer," ",Language
URBST 220W,VT: Stds Slctd Urbn Serv Inst," ","Writing Intensive, Writing Intensive"
URBST 330W,Contemporary Urban Theory," ",Writing Intensive
WGS 101W,Intro Women & Gender Studies,Flexible Core - US Experience in its Diversity,Writing Intensive
YIDD 102,Elementary Yiddish II," ",Language
YIDD 203,Intermediate Yiddish I," ",Language
CHIN 210,Business Chinese I," ",Language
PSYCH 103,Pleasure and Pain,Flexible Core - Scientific World,Science
ANTH 375,The Human-Primate Interface," ",Synthesis
CMLIT 220W,East Asian Literature I," ","Writing Intensive, Writing Intensive"
MES 255W,Mod Arab Lit In Tran," ",Writing Intensive
ARAM 205,Aramaic for Readers of Hebrew," ",Language
ENSCI 99,Guide to Environmental Choices,Required Core - Life and Physical Sciences,Science
CMAL 220W,Creation Stories," ",Writing Intensive
ECON 3913W,Special Problems," ",Writing Intensive
ANTH 388,Voices of New York," ",Synthesis
ANTH 108,Introduction to Language," ",Language
EAST 252,Korean Women's Writings," ",Literature
ENGL 205W,Methods for Writing Research," ",Writing Intensive
ASL 111,American Sign Language I," ",Language
MEDST 223,Media Writing," ",Writing Intensive
ASL 212,American Sign Language IV," ",Language
AFST 303W,Global Black Exp Media & Film," ",Writing Intensive
PSYCH 317W,Adv Exp Psy: ABA," ",Writing Intensive
FNES 203W,Meal Plan Therapeutic Diets," ",Writing Intensive
WGS 104,Introduction to LGBTQ Studies,Flexible Core - Individual and Society," "
MATH 201,Multivariable Calculus,Required Core - Mathematical&QuantitativeReasoning," "
PHIL 101,Introduction to Philosophy,Flexible Core - Individual and Society," "
ARTH 114,Survey of Asian Art,Flexible Core - Creative Expression," "
HIST 115,Hist Jewish People II,Flexible Core - World Cultures & Global Issues," "
PHYS 8,Sci of Fractals & Applications,Required Core - Mathematical&QuantitativeReasoning," "
PSCI 101,Intro To Political Science,Flexible Core - Individual and Society," "
PSCI 234,Contemporary Europe,Flexible Core - World Cultures & Global Issues," "
CMLIT 206,Literature and Conflict,Flexible Core - World Cultures & Global Issues," "
MATH 119,Math for Elem School Teachers,Required Core - Mathematical&QuantitativeReasoning," "
BIOL 13,Writing Sci - Life Sci Themes,Required Core - English Composition," "
CMLIT 100,Writing about World Literature,Required Core - English Composition," "
MATH 115,College Algebra for Precalc,Required Core - Mathematical&QuantitativeReasoning," "
DRAM 111,Introduction to Theater Design,Flexible Core - Creative Expression," "
ENGL 130H,Writing about Literature,Required Core - English Composition," "
AFST 203,Africa In the World,Flexible Core - World Cultures & Global Issues," "
DRAM 130,Writing About Performance,Required Core - English Composition," "
CSCI 12,Intro Computers & Computation,Required Core - Mathematical&QuantitativeReasoning," "
SOC 101,Gen Intro To Soc,Flexible Core - Individual and Society," "
JOURN 100,Beat The Press: Question Media,Flexible Core - Individual and Society," "
ARTH 220,Renaiss Art & Modernity,Flexible Core - Creative Expression," "
PSCI 103,Comparative Politics,Flexible Core - World Cultures & Global Issues," "
DRAM 1,Intro Dram And Theat,Flexible Core - World Cultures & Global Issues," "
AFST 300W,The Black Intellect Tradition," ",Writing Intensive
ANTH 239W,Vt:Topics Cult Anth," ",Writing Intensive
ANTH 354,Time," ",Synthesis
ASTR 2,General Astronomy with Lab,Required Core - Life and Physical Sciences,Science
BIOL 22,Intro to Human Physiology," ",Science
BIOL 44,Food and Human Microbiology,Required Core - Life and Physical Sciences,Science
BIOL 345W,Animal Behavior," ",Writing Intensive
BUS 3912W,Special Problems," ",Writing Intensive
CHIN 251,Classical Chinese II," ",Language
CHIN 317,Intro Formal Chinese Linguist," ",Language
CHIN 320,Chinese Drama," ",Language
CHIN 340,Readings from Chinese History," ",Language
CLAS 3003W,Topics in Classical Studies," ",Writing Intensive
CMLIT 101H,Global Literatures I,Flexible Core - World Cultures & Global Issues,"Literature, Writing Intensive"
CMLIT 102W,Global Literatures II,Flexible Core - World Cultures & Global Issues,"Literature, Writing Intensive"
CMLIT 215W,Topics in Modern Literature,Flexible Core - Creative Expression,Writing Intensive
ECON 219W,Econ Class/Race/Sex," ",Writing Intensive
ECON 3912W,Special Problems," ",Writing Intensive
ENGL 170W,Introduction to Literary Study," ",Writing Intensive
ENGL 201W,VT: Writing for Special Fields," ",Writing Intensive
ENGL 255,Global Literatures in English," ",Literature
ENGL 320,Early Modern Literature," ",Literature
ENGL 327W,Environmental Literature," ",Writing Intensive
ENGL 331,Chaucer," ",Literature
ENGL 334,Milton," ",Literature
ENGL 363,VT: Global Literatures in Engl," ",Literature
ENGL 364,VT: African Lit & Culture," ",Literature
ENGL 399W,Department Honors Seminar," ",Writing Intensive
EURO 201W,VT: The Arts in Europe," ",Writing Intensive
FREN 367,Vt: Tops Fren & Franco Lit," ",Language
GEOL 101,Introduction to Planet Earth,Required Core - Life and Physical Sciences,Science
GERM 324,German Enlightenment," ",Language
GERM 333,German Novels," ",Language
GREEK 351,Euripides," ",Language
GRKMD 111,Elementary Modern Greek I," ",Language
GRKMD 321,Survey Mod Greek 1," ",Language
HEBRW 204,Intermediate Hebrew II," ",Language
HIST 101W,Early Modern Europe 1500-1815,Flexible Core - World Cultures & Global Issues,Writing Intensive
HNRS 135W,Writing Workshop," ",Writing Intensive
ITAL 228,Advanced Compositon," ",Language
ITAL 231,Translation 1," ",Language
ITAL 232,Translation II," ",Language
ITAL 250W,Italian Film and Media," ",Writing Intensive
ITAL 346,Vt:Med Lit II:Poetry," ",Language
ITAL 347,Vt:Medvl Lit III:Prose," ",Language
ITAL 356,Vt: Ren Lit II: Poetry," ",Language
ITAL 3813,Seminar," ",Language
KOR 204,Intermediate Korean II," ",Language
LATIN 203,Roman Prose," ",Language
LCD 135W,Lin Comm Writing Workshop," ",Writing Intensive
MATH 385W,Math Found Sec Educ," ",Writing Intensive
MEDST 325W,Radical Critiques," ",Writing Intensive
MEDST 330W,The Music Industry," ",Writing Intensive
MUSIC 346W,Music History III: 1800-1890," ",Writing Intensive
MUSIC 347W,Music Hist IV," ",Writing Intensive
PHIL 225,Phil of Natural Sciences,Flexible Core - Scientific World,Science
PSCI 383W,Seminar Comparative Politics," ",Writing Intensive
PSCI 387W,Sem Pol Analysis & Rsrch Mtds," ",Writing Intensive
RUSS 204,Intermediate Russian II," ",Language
RUSS 215,Adv Inter Russian I," ",Language
RUSS 225,Adv Inter Russian II," ",Language
RUSS 281,Tolstoy," ",Literature
SPAN 60,Hisp Lit & Culture In Us," ",Literature
SPAN 240,Intro Hisp Lit Studies," ",Language
SPAN 250,Survey of Spanish Literature I," ","Language, Language"
SPAN 306,Survey of Spanish Lit II," ","Language, Language"
SPAN 290,Survey Span-Am Lit II," ","Language, Language"
MEDST 364W,Advert Consump & Culture," ",Writing Intensive
PHYS 1211,General Physics I Laboratory," ",Science
HIST 164H,VT:Social &Cultural Hist: Euro," ",Writing Intensive
SPAN 115,Span For Herit Spkrs 2," ",Language
CLAS 3001W,Topics in Classical Studies," ",Writing Intensive
CLAS 3002W,Topics in Classical Studies," ",Writing Intensive
GEOL 99,Resources & Hazards XXI Cent,Required Core - Life and Physical Sciences,Science
WGS 3901W,Tutorial Women Gender Studies," ",Writing Intensive
WGS 3902W,Tutorial," ",Writing Intensive
ANTH 364,Anthropological Genomics," ","Synthesis, Synthesis"
LCD 101,Introduction to Language," ",Language
HIST 163H,VT: Topics in U.S. History,Flexible Core - US Experience in its Diversity,Writing Intensive
ENGL 349,Colonial American Literature," ",Literature
ENGL 351,Nineteenth-Century U.S. Lit," ",Literature
MEDST 362W,Surveillance," ",Writing Intensive
LANG 2004,VT: Language Tutorial," ",Language
ASL 112,American Sign Language II," ",Language
ENGL 397W,VT: Seminar Teaching Writing," ",Writing Intensive
ENGL 130,Writing about Literature Eng,Required Core - English Composition," "
HIST 311,Jewish Soc in Islamic Lands,Flexible Core - World Cultures & Global Issues," "
EAST 132,Civilization of Korea,Flexible Core - World Cultures & Global Issues," "
MATH 143,Calculus-Infinite Series,Required Core - Mathematical&QuantitativeReasoning," "
PSCI 210,Amer State/Local Gov'T,Flexible Core - US Experience in its Diversity," "
HIST 160,VT: Topics in Global History,Flexible Core - World Cultures & Global Issues," "
CMLIT 230,African Literatures,Flexible Core - World Cultures & Global Issues," "
MATH 202,Advanced Calculus,Required Core - Mathematical&QuantitativeReasoning," "
HIST 102,"Modern Europe, 1815 to the Pre",Flexible Core - World Cultures & Global Issues," "
MATH 152,Calc/Integration & Infinite,Required Core - Mathematical&QuantitativeReasoning," "
MUSIC 1,Introduction to Music,Flexible Core - Creative Expression," "
SOC 103,Sociology of American Life,Flexible Core - US Experience in its Diversity," "
ITAL 45,Italian Culture and Thought,Flexible Core - World Cultures & Global Issues," "
SOC 211,Ethnic and Racial Relations,Flexible Core - US Experience in its Diversity," "
MATH 158,Honors Calculus II,Required Core - Mathematical&QuantitativeReasoning," "
HIST 103,"American History, 1607-1865",Flexible Core - US Experience in its Diversity," "
PSCI 103,Politics Around the World,Flexible Core - World Cultures & Global Issues," "
JPNS 254,Japanese Cinema,Flexible Core - Creative Expression," "
ACE 5W,Great Works of Literature," ","Literature, Writing Intensive"
AMST 135W,Writing Workshop," ",Writing Intensive
ARAB 203,Intermediate Arabic I," ",Language
ARTH 3201W,Internship in Art History," ",Writing Intensive
ASTR 1,General Astronomy,Flexible Core - Scientific World,Science
BIOL 105,Physiol & Cell Biol,Required Core - Life and Physical Sciences,Science
BUS 392W,Honors Seminar," ","Writing Intensive, Writing Intensive"
CHEM 163,Chemistry in Modern Society,Flexible Core - Scientific World,Science
CHEM 1033,Basic Biochemistry,Required Core - Life and Physical Sciences,Science
CHIN 203,Intermediate Chinese I," ",Language
CHIN 250,Classical Chinese I," ",Language
CHIN 311,Advanced Modern Chinese," ",Language
CHIN 318,Int Appl Chin Ling," ",Language
CMLIT 334W,Vt: Myth & Heroic Lit," ",Writing Intensive
CMLIT 381W,Advanced Seminars," ",Writing Intensive
CMLIT 384W,Advanced Seminars," ",Writing Intensive
ECON 390W,Research Methods in Economics," ",Writing Intensive
EECE 201W,Social Foundations of Educ," ","Writing Intensive, Writing Intensive"
ENGL 152W,Readings American Literature,Flexible Core - US Experience in its Diversity,"Literature, Writing Intensive"
ENGL 153W,Introduction to the Bible,Flexible Core - Creative Expression,Writing Intensive
ENGL 155W,Readings in Drama," ",Writing Intensive
ENGL 162W,Literature and Place," ","Literature, Writing Intensive"
ENGL 165W,Introduction to Poetry,Flexible Core - Creative Expression,"Literature, Writing Intensive"
ENGL 368W,VT: Irish Literature," ","Literature, Writing Intensive"
ENGL 378,VT: Caribbean Literature," ",Literature
ENSCI 112,Our Changing Planet,Flexible Core - Scientific World,Science
EURO 202W,VT: Languages of Europe," ",Writing Intensive
FREN 112,Elementary French II," ",Language
FREN 203,Intermediate French I,Flexible Core - World Cultures & Global Issues,Language
GEOL 16,"Earthqk, Volc & Moving Contin",Flexible Core - Scientific World,Science
GERM 236,German Media of Today," ",Language
GREEK 251,Elementary Ancient Greek I," ",Language
GRKMD 112,Elementary Modern Greek II," ",Language
GRKMD 223,Modern Greek Conversation,Flexible Core - World Cultures & Global Issues,Language
GRKMD 330,Early Mod Greek Lit," ",Language
HEBRW 305,Advanced Modern Hebrew," ",Language
HEBRW 311,Hebrew Conversation," ",Language
HEBRW 352,Hebrw Lit 1880-1947," ",Language
HIST 134W,Writing Tutorial," ",Writing Intensive
HIST 266W,Contemp Amer 1945-Present," ",Writing Intensive
HIST 271W,Hst Us Wom:1880-Pres," ",Writing Intensive
HTH 210H,Ancient Worlds," ",Writing Intensive
HTH 230H,The Early Modern World," ",Writing Intensive
ITAL 45W,Italian Culture and Thought,Flexible Core - World Cultures & Global Issues,Writing Intensive
ITAL 112,Elementary Italian II," ",Language
ITAL 203,Intermediate Italian I,Flexible Core - World Cultures & Global Issues,Language
JOURN 101W,Introduction To News Reporting," ",Writing Intensive
JPNS 204,Intermediate Japanese II," ",Language
JPNS 211,Classical Japanese I," ",Language
KOR 203,Intermediate Korean I," ",Language
MEDST 201W,Media Criticism," ",Writing Intensive
MEDST 320W,"Gender, Sexuality, and Media"," ",Writing Intensive
MEDST 322W,Youth Culture and Media," ",Writing Intensive
MEDST 341W,Theory of Film," ",Writing Intensive
MEDST 343W,Nonfiction Forms," ",Writing Intensive
MEDST 352W,Discourse: Classical Period," ",Writing Intensive
MUSIC 8H,VT:Stdies In Music," ",Writing Intensive
MUSIC 246W,Western Music History I,Flexible Core - World Cultures & Global Issues,Writing Intensive
PHIL 101W,Introduction to Philosophy,Flexible Core - Individual and Society,Writing Intensive
PHIL 104W,Introduction to Ethics,Flexible Core - Individual and Society,Writing Intensive
PHIL 270W,Major Philosophical Thinkers," ",Writing Intensive
PHYS 204,Physics for Computer Science 2,Required Core - Life and Physical Sciences,Science
PSCI 2954W,Internship in Law and Advocacy," ",Writing Intensive
PSCI 2964W,Intern:Intntl Polits," ",Writing Intensive
PSCI 2969W,Intern: International Politics," ",Writing Intensive
RUSS 245,Russian Short Story," ",Literature
RUSS 285,Russ Silver Age & Avant-Garde," ",Literature
SEYS 201W,"Hst, Soc & Phil Found"," ",Writing Intensive
SOC 135W,Writing Workshop," ",Writing Intensive
SPAN 215,Spanish Conversation," ",Language
SPAN 305,Survey of Spanish Literature I," ","Language, Language"
SPAN 310,Cult & Civ Of Spain," ",Language
URBST 135W,Urban Studies Writing Workshop," ",Writing Intensive
WGS 3903W,Tutorial," ",Writing Intensive
BUS 160W,Intro To Bus Writ," ","Writing Intensive, Writing Intensive"
CHIN 358,The Wrkng of the Chinese Media," ",Language
SPAN 53,Don Quixote in Translation," ",Literature
CMLIT 220W,East Asian Lit Beginnings-1300," ","Writing Intensive, Writing Intensive"
PHYS 320W,Rsrch And Writing In Sci," ",Writing Intensive
ASTR 3,Intro Astronomy with Lab,Required Core - Life and Physical Sciences,Science
BIOL 14,Intro Biology and Society,Required Core - Life and Physical Sciences,"Science, Science"
FNES 250W,Research Methods Human Dev," ",Writing Intensive
URBST 134W,Writing Tutorial," ",Writing Intensive
BIOL 352,Anthropological Genomics," ","Synthesis, Synthesis"
ANTH 104,"Language, Culture, and Society",Flexible Core - Individual and Society,Language
ENGL 350,Early American Literature," ",Literature
BIOL 40,Anatomy and Physiology I,Required Core - Life and Physical Sciences,Science
MATH 114W,Elementary Prob&Stat,Required Core - Mathematical&QuantitativeReasoning,Writing Intensive
PORT 41,Global Port Lit in Translation," ",Literature
GEOL 328W,Volcanoes and Climate," ",Writing Intensive
MATH 342W,Data Sci via Machine Learning," ",Writing Intensive
MEDST 223W,Media Writing," ",Writing Intensive
RUSS 175,Russian Fairy Tales," ",Literature
PSYCH 314W,Adv Exp Psy: Soc Pers," ",Writing Intensive
PSYCH 316W,Adv Exp Psy: Neurobio," ",Writing Intensive
PSYCH 321W,Adv Exp Psych: Clinical," ",Writing Intensive
ECON 102,Introduction to Microeconomics,Flexible Core - Individual and Society," "
PSCI 210,State & Local Government in US,Flexible Core - US Experience in its Diversity," "
FREN 45,French and Francophone Culture,Flexible Core - World Cultures & Global Issues," "
CMLIT 208,Lit&Society N.Africa&Mid East,Flexible Core - World Cultures & Global Issues," "
PSCI 234,Politics of Europe,Flexible Core - World Cultures & Global Issues," "
ARTH 102,History of Western Art II,Flexible Core - Creative Expression," "
CSCI 112,Intro Algori Prob Solving Java,Required Core - Mathematical&QuantitativeReasoning," "
LALS 103,Intro to Latinx Ethnic Identi,Flexible Core - US Experience in its Diversity," "
DANCE 151,Dance And Culture,Flexible Core - World Cultures & Global Issues," "
AFST 100,Intro to Africana Studies,Flexible Core - US Experience in its Diversity," "
MATH 128,Mathematical Design,Required Core - Mathematical&QuantitativeReasoning," "
HIST 166,VT: History and Memory,Flexible Core - Individual and Society," "
EURO 120,Writing European Lit & Culture,Required Core - English Composition," "
ACCT 261,Business Law I,Flexible Core - Individual and Society," "
PSCI 100,Amer Politics/Govt,Flexible Core - US Experience in its Diversity," "
URBST 120,Writing in Urban Studies,Required Core - English Composition," "
CMLIT 210,Early Modern Atlantic World,Flexible Core - World Cultures & Global Issues," "
MATH 110,Math Literacy,Required Core - Mathematical&QuantitativeReasoning," "
AFST 234W,Black Women Writers," ",Writing Intensive
AMST 134W,Writing Tutorial," ",Writing Intensive
ANTH 103,Introduction to Archaeology,Flexible Core - Scientific World,Science
ARAB 306,Advanced Arabic II," ",Language
BALA 302,Law and Ethics of Business," ",Writing Intensive
CHIN 101,Elementary Chinese I," ",Language
CHIN 312,Advanced Classical Chinese," ",Language
CHIN 314,"Grammar, Rhet & Comp"," ",Language
CHIN 315,Writing Modern Chinese," ",Language
CHIN 360,Traditional Chinese Literature," ",Language
CHIN 370,Chinese Short Story," ",Language
EAST 130W,East Asian Religion," ",Writing Intensive
ENGL 151,Readings in British Literature," ",Literature
ENGL 332,Shakespeare I," ",Literature
ENGL 369,Asian American Literature," ","Literature, Literature"
FNES 101,The Science of Foods,Required Core - Life and Physical Sciences,Science
FNES 161W,Intro Teaching  Phys Educ," ",Writing Intensive
FREN 41,French and Francophone Lit," ",Literature
FREN 360,French & Franco Novel 1900," ",Language
FREN 380,Women's Writing in French," ",Language
GEOL 64,Planetary Geology," ",Science
GEOL 102,History of Earth and Life,Required Core - Life and Physical Sciences,"Science, Science"
GERM 41W,German Lit in Translatiion," ","Literature, Writing Intensive"
GERM 350,Grmn Lit- Indstrl Age," ",Language
GRKMD 204,Intermediate Modern Greek II,Flexible Core - World Cultures & Global Issues,Language
HEBRW 315,Hebrw Writ Wksp," ",Language
HIST 200W,VT: Selected Studies in Hist," ",Writing Intensive
HIST 217W,The French Revolution," ",Writing Intensive
HIST 265W,The US 1920-1945 II," ",Writing Intensive
HIST 395W,Research and Writing Tutorial," ",Writing Intensive
HON 350W,Sr Thesis," ",Writing Intensive
ITAL 41,Italian Lit in Translation," ",Literature
ITAL 235,Commercial and Technical Ital," ",Language
JPNS 311,Advanced Texts I," ",Language
PHYS 5,Physics and the Future,Flexible Core - Scientific World,Science
PHYS 396W,Senior Research Project II," ",Writing Intensive
PORT 112,Elementary Portuguese II," ",Language
PSCI 2959W,Internship in Law and Advocacy," ",Writing Intensive
PSCI 2964,Intern:Intl Poltcs," ",Writing Intensive
PSCI 381W,Seminar in American Politics," ",Writing Intensive
PSYCH 213W,Experimental Psychology,Required Core - Life and Physical Sciences,"Science, Science, Writing Intensive, Writing Intensive"
PSYCH 213W,Experimental Psychology,Required Core - Life and Physical Sciences,"Science, Science, Writing Intensive, Writing Intensive"
DATA 235,Data and Society,Flexible Core - Scientific World,Science
SPAN 204,Intermediate Spanish II,Flexible Core - World Cultures & Global Issues,Language
YIDD 101,Elementary Yiddish I," ",Language
BUS 160W,Bus Comm & Career Readiness," ","Writing Intensive, Writing Intensive"
PHYS 1454,Principles of Physics I,Required Core - Life and Physical Sciences,Science
CSCI 100,Information and Intelligence,Flexible Core - Scientific World,Science
PHYS 1464,Principles of Physics II,Required Core - Life and Physical Sciences,Science
DANCE 381,Collab Wrkshp Dance & Theatre," ",Synthesis
DRAM 381,Collab Wrkshp Dance & Theatre," ",Synthesis
SPAN 53H,Don Quixote in Translation," ","Literature, Writing Intensive"
CHIN 211,Business Chinese II," ",Language
ENGL 157W,Readings in Global Literatures,Flexible Core - World Cultures & Global Issues,"Literature, Writing Intensive"
MUSIC 347H,Music Hist IV," ",Writing Intensive
DANCE 351W,Time & Dance Image In U.S. II," ",Writing Intensive
KOR 306,Advanced Korean II,Flexible Core - World Cultures & Global Issues,Language
ANTH 361W,Human Variation," ",Writing Intensive
ENGL 202W,Rhetoric and Writing in Engl," ",Writing Intensive
QNS 101W,Queens Community," ","Literature, Writing Intensive"
ENGL 203W,Writing Sci & Tech for Public," ",Writing Intensive
RM 742W,Data Sci via Machine Learning," ",Writing Intensive
CLAS 11,Sci & Medical Terminology," ",Language
ASL 211,American Sign Language III," ",Language
ENGL 347,VT: Jewish Lit in English," ",Literature
ANTH 235W,Ethnographic Writing," ",Writing Intensive
EECE 240W,Foundations of Bilingual Ed," ",Writing Intensive
MATH 220W,Discrete Mathematics," ",Writing Intensive
ENGL 110,College Writing I,Required Core - English Composition," "
HIST 101,"Early Modern Europe, 1500-1815",Flexible Core - World Cultures & Global Issues," "
CMLIT 205,Modern Poetry,Flexible Core - Creative Expression," "
HIST 104,Amer Hist 1865-Pres,Flexible Core - US Experience in its Diversity," "
URBST 101,Urban Poverty & Affluence,Flexible Core - US Experience in its Diversity," "
EAST 172,Music in Korea,Flexible Core - World Cultures & Global Issues," "
ENGL 153,Introduction to the Bible,Flexible Core - Creative Expression," "
MATH 151,Calc/Diff & Integtn,Required Core - Mathematical&QuantitativeReasoning," "
MES 170,Islam,Flexible Core - World Cultures & Global Issues," "
HIST 114,History of the Jewish People I,Flexible Core - World Cultures & Global Issues," "
WGS 101,Intro Women & Gender Studies,Flexible Core - US Experience in its Diversity," "
URBST 326,Cities and Diasporas,Flexible Core - World Cultures & Global Issues," "
CMLIT 231,African Lit in World Context,Flexible Core - World Cultures & Global Issues," "
BUS 101,Personal Finance & Investment,Required Core - Mathematical&QuantitativeReasoning," "
ARTS 333,Intro Social Engaged Art Pract,Flexible Core - Creative Expression," "
PHIL 116,Intro Philo Religion,Flexible Core - Individual and Society," "
LALS 203,Intro to Latinx Ethnic Identi,Flexible Core - US Experience in its Diversity," "
HIST 255,VT: Transf Moment Arab/Israeli,Flexible Core - Individual and Society," "
SOC 215,Sociology of Education,Flexible Core - Individual and Society," "
MUSIC 247,Western Music History II,Flexible Core - Individual and Society," "
PSCI 104,International Politics,Flexible Core - World Cultures & Global Issues," "
FNES 147,Family Relations,Flexible Core - Individual and Society," "
ARTH 258,History of Photography,Flexible Core - Creative Expression," "
LIBR 170,Writing& Libr Research Methods,Required Core - English Composition," "
ECON 100,Economics and Society,Flexible Core - Individual and Society," "
MUSIC 121,Writing about Music,Required Core - English Composition," "
MATH 131,Calculus with Applications I,Required Core - Mathematical&QuantitativeReasoning," "
ANTH 215W,Peoples of the Caribbean," ",Writing Intensive
ARAB 101,Elementary Arabic I," ",Language
ARAB 102,Elementary Arabic II," ",Language
ARTH 3202W,Internship in Art History," ",Writing Intensive
BIOL 24,Biology and Society," ","Science, Science"
BIOL 25,Biological Evolution,Flexible Core - Scientific World,Science
BUS 383W,Seminar In Business," ",Writing Intensive
BUS 392W,Honors Seminar," ","Writing Intensive, Writing Intensive"
CHEM 1013,Basic Chemistry,Required Core - Life and Physical Sciences,Science
CHEM 1134,General Chemistry I,Required Core - Life and Physical Sciences,Science
CHIN 350,VT: Chinese Fiction," ",Language
CMLIT 101W,Global Literatures I,Flexible Core - World Cultures & Global Issues,"Literature, Writing Intensive"
ECON 383W,Vt: Semi Select Studies Econ," ",Writing Intensive
ECON 392W,Honors Seminar," ","Writing Intensive, Writing Intensive"
EECE 201W,Schooling in Diverse Commun," ","Writing Intensive, Writing Intensive"
ENGL 152,Readings American Literature,Flexible Core - US Experience in its Diversity,Literature
ENGL 154W,Readings in Fiction," ",Writing Intensive
ENGL 251,British Literature Survey I," ",Literature
ENGL 253,American Literature Survey I," ",Literature
ENGL 301W,Fiction Workshop," ",Writing Intensive
ENGL 367,Modern Irish Literature," ",Literature
ENGL 377,VT: Modern South Asian Lit," ",Literature
ENGL 379,VT: Tran Ntl Post-Col Glob Lit," ",Literature
ENSCI 100,Our Planet In 21st Century,Required Core - Life and Physical Sciences,Science
EURO 101W,European Cultures & Traditions," ",Writing Intensive
EURO 250W,European Film and Media," ",Writing Intensive
FREN 206,Intro to French Literature," ",Language
FREN 340,Topics in 17th Cent French Lit," ",Language
GEOL 8,Introduction to Oceanography," ",Science
GERM 325,The Age of Goethe," ",Language
GRKMD 41W,Mod Greek Lit Trans," ","Literature, Writing Intensive"
GRKMD 203,Intermediate Modern Greek I,Flexible Core - World Cultures & Global Issues,Language
GRKMD 228,Adv Grammar & Comp," ",Language
GRKMD 231,Modern Greek Translation," ",Language
GRKMD 335,Studies in Modern Greek Lit," ",Literature
HEBRW 102,Elementary Hebrew II," ",Language
HEBRW 190,"Culture, Art, and Literature",Flexible Core - World Cultures & Global Issues,Literature
HEBRW 362,Hebrew Root Studies," ",Language
HIST 102H,"Modern Europe, 1815 to the Pre",Flexible Core - World Cultures & Global Issues,Writing Intensive
HIST 105W,Colonial Latin America," ",Writing Intensive
HIST 106W,Modern Latin America," ",Writing Intensive
HIST 135W,Writing Workshop," ",Writing Intensive
HIST 276W,The Immigrant in Amer History," ",Writing Intensive
ITAL 204,Intermediate Italian II,Flexible Core - World Cultures & Global Issues,Language
ITAL 223,Advanced Conversation," ",Language
JOURN 200W,Reporting From The Field," ",Writing Intensive
JPNS 101,Elementary Japanese I," ",Language
JPNS 212,Classical Japanese II," ",Language
JPNS 305,Advanced Modern Japanese I," ",Language
KOR 360,Readings in Korean," ",Language
MEDST 357W,"Media, Law, and Ethics"," ",Writing Intensive
MEDST 359W,Intnl Telecomm Polcy," ",Writing Intensive
PHIL 135W,Writing Workshop," ",Writing Intensive
PHIL 272W,Problems in Philosophy," ",Writing Intensive
PHYS 103,Physics for Computer Science I,Required Core - Life and Physical Sciences,Science
PSCI 2965W,Intern:Intntl Polits," ",Writing Intensive
RUSS 2143,Intermed. Russian Conversation," ",Language
RUSS 280,Dostoevsky," ",Literature
DATA 212W,Research Methods,Flexible Core - Scientific World,"Science, Writing Intensive"
SOC 381W,Senior Seminars," ",Writing Intensive
SPAN 41,Hisp Lit In Trans," ",Literature
SPAN 224,Grammar," ",Language
SPAN 225,Composition,Flexible Core - World Cultures & Global Issues,Language
SPAN 260,Survey of Spanish Lit II," ","Language, Language"
SPAN 306,Survey Span Lit II," ","Language, Language"
SPAN 290,Survey Span-Am Lit II," ","Language, Language"
SPAN 390,Hispanic Literature Seminar," ",Language
URBST 211W,Protest Movements in Film," ",Writing Intensive
URBST 265W,Vt: Spcl Tpcs," ",Writing Intensive
URBST 360W,Wrtng Inten Urbn Rsrch Wrkshp," ",Writing Intensive
BIOL 35,Genomics Res Exp II," ","Science, Science"
PHYS 1214,General Physics I,Required Core - Life and Physical Sciences,Science
SPAN 201,Span For Herit Spkrs 3,Flexible Core - World Cultures & Global Issues,Language
CMLIT 221W,East Asian Literature II," ","Writing Intensive, Writing Intensive"
DRAM 302,Dramatizing Science," ",Synthesis
ENGL 157,Readings in Global Literatures,Flexible Core - World Cultures & Global Issues,Literature
LCD 104,"Language, Culture, and Society",Flexible Core - Individual and Society,Language
ENGL 360,"VT: Latina/o, and Latinx Lit"," ",Literature
CLAS 3004W,Topics in Classical Studies," ",Writing Intensive
MUSIC 301W,Topics in Musicology," ",Writing Intensive
URBST 371W,VT: Service Learning Project," ",Writing Intensive
ENGL 204W,Writing from the Field," ",Writing Intensive
PSYCH 311W,Adv Exp: Learning & Behav Anly," ",Writing Intensive
HIST 351W,The American West," ",Writing Intensive
HIST 190,Writing and History,Required Core - English Composition," "
SEYS 120,Education for Social Justice,Flexible Core - Individual and Society," "
FASH 158,Fash Hist West 20th C- Present,Flexible Core - Individual and Society," "
HNRS 125,The Arts In New York City,Flexible Core - Creative Expression," "
CMLIT 229,Vt: Women Mod Wld Lit,Flexible Core - World Cultures & Global Issues," "
CSCI 211,Object-Oriented Program in C++,Required Core - Mathematical&QuantitativeReasoning," "
DRAM 100,Introduction to Acting,Flexible Core - Creative Expression," "
SOC 208,Social Problems,Flexible Core - Individual and Society," "
GEOL 78,Climate change: What it means,Flexible Core - Scientific World," "
PSCI 104,International Politics,Flexible Core - World Cultures & Global Issues," "
MATH 120,Discrete Math Comp Sci,Required Core - Mathematical&QuantitativeReasoning," "
PSCI 102,Political Controversies,Flexible Core - US Experience in its Diversity," "
PSCI 105,The Political Imagination,Flexible Core - Individual and Society," "
PSCI 105,Political Theory,Flexible Core - Individual and Society," "
ARTH 236,Baroque & Beginnings Globalism,Flexible Core - Creative Expression," "
MATH 231,Linear Algebra I,Required Core - Mathematical&QuantitativeReasoning," "
MUSIC 122,Writing Musical Culture,Required Core - English Composition," "
AFST 201W,Introduction to Black Cultures," ",Writing Intensive
AFST 232W,Caribbean Literature," ",Writing Intensive
AMST 300W,Vt: Topics In Am Studies," ",Writing Intensive
ARAB 204,Intermediate Arabic II," ",Language
ARTH 3203W,Internship in Art History," ",Writing Intensive
BUS 3911W,Special Problems," ",Writing Intensive
CHEM 2514,Organic Chemistry I,Required Core - Life and Physical Sciences,Science
CHEM 3311W,Phys Inorg Chem Lab," ",Writing Intensive
CHIN 102,Elementary Chinese II," ",Language
CLAS 250W,Ancient Epic and Tragedy," ",Writing Intensive
CMLIT 135W,Writing Workshop," ",Writing Intensive
CMLIT 382W,Advanced Seminars," ",Writing Intensive
ECON 228W,Econ Of Environment," ",Writing Intensive
ECON 230W,Women's Issues in Economics," ",Writing Intensive
ENGL 161W,Introduction to Narrative," ","Literature, Writing Intensive"
ENGL 162,Literature and Place," ",Literature
ENGL 200W,Writing about Writing," ",Writing Intensive
ENGL 340,Medieval & Early Modern Drama," ",Literature
ENGL 391W,Vt: Senior Semi in Lit," ",Writing Intensive
ENGL 305W,VT: Studies in Lit and Culture," ",Writing Intensive
FNES 163,General Nutrition,Flexible Core - Scientific World,Science
FNES 228W,Ind & Family Clothng," ",Writing Intensive
FNES 307W,Experimental Food Science," ",Writing Intensive
FREN 204,French Comp & Grammar 1,Flexible Core - World Cultures & Global Issues,Language
FREN 223,Adv Conv & Phonetics,Flexible Core - World Cultures & Global Issues,Language
FREN 228,Advanced Literary Analysis," ",Language
FREN 231,Skills and Art of Translation," ",Language
FREN 350,French Novel of 19th Century," ",Language
FREN 385,VT: Seminar," ",Language
GERM 110,Intensive German III-IV," ",Language
GERM 112,Elementary German II," ",Language
GERM 224,Adv Gram/Style II," ",Language
GERM 321,Early German Literature," ",Language
GERM 335,German Poetry," ",Language
GERM 360,German Lit & Modernity," ",Language
GREEK 252,Elementary Ancient Greek II," ",Language
GREEK 357,Homer," ",Language
GREEK 3603,VT: Readings Anc Grk Lit," ",Language
GRKMD 100W,Modern Greek Culture & Thought," ",Writing Intensive
GRKMD 305,Modern Greek Literature I," ",Language
HEBRW 150,Mod Heb Lit In Trans," ",Literature
HEBRW 350W,Bib Narrative&Poetry In Trans," ",Writing Intensive
HEBRW 307,Classical Hebrew," ",Language
HEBRW 317,Skills and Art of Translation," ",Language
HEBRW 356,Hebrw Lit 1948-Pres," ",Language
HEBRW 358,The Modern Hebrew Media," ",Language
HEBRW 361,History of the Hebrew Language," ",Language
HIST 104W,American History 1865-Present,Flexible Core - US Experience in its Diversity,Writing Intensive
HIST 216W,The Old Regime: Euro Society," ",Writing Intensive
HNRS 225,Sci & Tech In NYC,Flexible Core - Scientific World,Science
ITAL 224,Advanced Grammar," ",Language
ITAL 355,Vt:Ren Lit 1:Theatre," ",Language
ITAL 362,Vt:Mod Lit II:Poetry," ",Language
KOR 101,Elementary Korean I," ",Language
LATIN 101,Elementary Latin," ",Language
MEDST 321W,News Analysis," ",Writing Intensive
MEDST 326W,Media and Activism," ",Writing Intensive
MEDST 342W,Special Topics in Genre," ",Writing Intensive
MEDST 344W,Vt: Spec Tpcs Natl Cinemas," ",Writing Intensive
MEDST 346W,Afro-Amer in Amer Film & Tv," ",Writing Intensive
MEDST 350W,Propaganda," ",Writing Intensive
MEDST 381W,Advanced Studies in Media," ",Writing Intensive
PHIL 383W,Research Paper," ",Writing Intensive
PORT 203,Intermediate Portuguese I,Flexible Core - World Cultures & Global Issues,Language
PORT 204,Intermediate Portuguese II," ",Language
PSCI 2924W,Internship in Urban Politics," ",Writing Intensive
PSYCH 101,General Psychology,Flexible Core - Scientific World,Science
RUSS 112,Elementary Russian II," ",Language
RUSS 150W,Russian Culture and Thought," ",Writing Intensive
SOC 391H,Honors-Indep Study," ",Writing Intensive
SPAN 112,Elementary Spanish II," ",Language
SPAN 203,Intermediate Spanish I,Flexible Core - World Cultures & Global Issues,Language
SPAN 305,Survey of Spanish Literature I," ","Language, Language"
SPAN 250,Survey of Spanish Literature I," ","Language, Language"
SPAN 260,Survey Span Lit II," ","Language, Language"
SPAN 307,Survey Span-Amer Literature I," ","Language, Language"
URBST 239W,Urban Labor & Labor Mvmts," ",Writing Intensive
URBST 254W,Urban Transport," ",Writing Intensive
URBST 310W,Community Organization," ",Writing Intensive
YIDD 210,Inter Conversational Yiddish," ",Language
ENGL 165,Introduction to Poetry,Flexible Core - Creative Expression,Literature
PHYS 1461,Princ of Physics II Lab," ",Science
PHYS 11,Conceptual Physics Laboratory," ",Science
HIST 280W,Film Aesthetics and History," ",Writing Intensive
CMLIT 221W,East Asian Lit 1300-1800," ","Writing Intensive, Writing Intensive"
HIST 229,Politic&Religion Early Eng&Ire," ",Literature
LCD 102,Analyzing Language,Flexible Core - Scientific World,"Language, Science"
GEOL 77,"Weather, Climate, & Change",Flexible Core - Scientific World,Science
ENSCI 373W,Environmental Problem Solving," ",Writing Intensive
PSYCH 252,Apps Bhvior Analys Animal Trng,Required Core - Life and Physical Sciences,"Science, Science"
PHYS 3,Physics of Musical Sound,Flexible Core - Scientific World,Science
URBST 113W,Urban Subcult & Lifestyles," ",Writing Intensive
LCD 388,Voices of New York," ",Synthesis
BIOL 41,Anatomy and Physiology II,Required Core - Life and Physical Sciences,Science
LANG 2003,VT: Language Tutorial," ",Language
MUSIC 302W,Topics in Non-Western Music," ",Writing Intensive
MES 245,1001 Nights in World Lit," ",Literature
ANTH 212W,PeoplesCult of the MiddleE," ",Writing Intensive
LABST 215,Development of Labor Movements," ",Writing Intensive
PSYCH 313W,Adv Exp Psy: Cognition," ",Writing Intensive
WGS 104W,Introduction to LGBTQ Studies," ",Writing Intensive
ARTH 256,Contemporary Art Practices,Flexible Core - Creative Expression," "
URBST 101,Intro to Urban Inequality,Flexible Core - US Experience in its Diversity," "
SOC 206,Intro Social Statistics,Required Core - Mathematical&QuantitativeReasoning," "
CSCI 48,Spreadsheet Programming,Required Core - Mathematical&QuantitativeReasoning," "
MATH 241,Intro Prob & Math Stat,Required Core - Mathematical&QuantitativeReasoning," "
PHIL 255,Jewish Philosophy,Flexible Core - World Cultures & Global Issues," "
URBST 103,Urban Diversity,Flexible Core - US Experience in its Diversity," "
BALA 101,Business and Society,Flexible Core - Individual and Society," "
PSYCH 1073,Statistical Methods,Required Core - Mathematical&QuantitativeReasoning," "
AFST 101,Survey Early African Civ,Flexible Core - World Cultures & Global Issues," "
FREN 250,French & Francophone Film,Flexible Core - Creative Expression," "
SOC 222,Social Welfare,Flexible Core - US Experience in its Diversity," "
SOC 190,Writing for Sociology,Required Core - English Composition," "
ARTH 1,Introduction to Art,Flexible Core - Creative Expression," "
CMLIT 225,Literature and Anthropology,Flexible Core - World Cultures & Global Issues," "
ACCT 362W,Business Law II," ",Writing Intensive
ANTH 102,Bio & Evo of the Human Species,Flexible Core - Scientific World,Science
ANTH 208W,Peoples of South Asia," ",Writing Intensive
BALA 103W,Critical Thinking in Business," ",Writing Intensive
BIOL 106,Life-Form&Ecosystems,Required Core - Life and Physical Sciences,Science
CHEM 1144,General Chemistry II,Required Core - Life and Physical Sciences,Science
CHEM 395W,Senior Thesis," ",Writing Intensive
CHIN 330,The Chinese Essay," ",Language
CMAL 102W,Cult Stud - Colonial," ",Writing Intensive
EAST 152,Korean Lit In Trans," ",Literature
EAST 255W,Early Japan Women Writing," ",Writing Intensive
ECON 223W,American Economy to 1914," ",Writing Intensive
ENGL 252,British Literature Survey II," ",Literature
ENGL 254,American Literature Survey II," ",Literature
ENGL 311,"Medieval Literature, Pre-1100"," ",Literature
ENGL 322,Restoration & 18th Cent Lit," ",Literature
ENGL 333,Shakespeare II," ",Literature
ENGL 359,"Reg, Real & Nat Am Lit"," ",Literature
EURO 301W,VT: Topics in European Studies," ",Writing Intensive
FREN 111,Elementary French I," ",Language
FREN 363,French Poetry XIX Century," ",Language
FREN 370,Tpcs:Francophone Lit,Flexible Core - World Cultures & Global Issues,"Language, Literature"
GEOL 9,Environmental Issues,Flexible Core - Scientific World,Science
GEOL 11,Survey of Atmospheric Science," ",Science
GERM 45W,German Cultures and Thought," ",Writing Intensive
GERM 223,Conversation Level I,Flexible Core - World Cultures & Global Issues,Language
GERM 228,Adv Conv & Comp II," ",Language
GERM 235,German - Bus & Indus," ",Language
GREEK 352,Plato," ",Language
GRKMD 306,Modern Greek Literature II," ",Language
HIST 103W,"American History, 1607-1865",Flexible Core - US Experience in its Diversity,Writing Intensive
HNRS 350W,Senior Thesis," ",Writing Intensive
HTH 220H,The Middle Ages," ",Writing Intensive
ITAL 41W,Italian Lit in Translation," ","Literature, Writing Intensive"
ITAL 329,Textual Analysis," ",Language
ITAL 361,Vt:Mod Lit 1:Theatre," ",Language
ITAL 364,Vt:Mod Lit III: Prose," ",Language
JPNS 203,Intermediate Japanese I," ",Language
JPNS 312,Advanced Texts II," ",Language
KOR 102,Elementary Korean II," ",Language
LATIN 315,Latin Prose Composition I," ",Language
LCD 244W,Language and Social Diversity," ",Writing Intensive
MUSIC 247W,Western Music History II,Flexible Core - Individual and Society,Writing Intensive
MUSIC 268W,The School Choral Program," ",Writing Intensive
MUSIC 269W,School Instrumental Program," ",Writing Intensive
PHIL 104H,Introduction to Ethics,Flexible Core - Individual and Society,Writing Intensive
PORT 111,Elementary Portuguese I," ",Language
PSCI 135W,Writing Workshop," ",Writing Intensive
PSCI 384W,Seminar International Politics," ",Writing Intensive
PSCI 386W,Seminar in Political Theory," ",Writing Intensive
RUSS 111,Elementary Russian I," ",Language
RUSS 155,Keys to Russian Literature," ",Literature
SOC 212H,Sociological Analysis," ","Science, Writing Intensive"
SPAN 45W,Hispanic Civilization,Flexible Core - World Cultures & Global Issues,Writing Intensive
SPAN 280,Survey Span-Amer Literature I," ","Language, Language"
URBST 245W,The Urban Economy," ",Writing Intensive
URBST 320W,VT: Special Problems," ",Writing Intensive
URBST 340W,Greek-American Community NY," ",Writing Intensive
PHYS 1451,Principles of Physics I Lab," ",Science
PHYS 14,Conceptual  Physics  Lec,Required Core - Life and Physical Sciences,Science
PHYS 1224,General Physics II,Required Core - Life and Physical Sciences,Science
SPAN 53W,Don Quixote in Translation," ","Literature, Writing Intensive"
BALA 201W,Business Communications," ",Writing Intensive
KOR 305,Advanced Korean I,Flexible Core - World Cultures & Global Issues,Language
KOR 370,Advanced Korean Through Film," ",Language
LALS 381W,Latin American Seminar," ",Writing Intensive
AFST 303,Global Black Exp Media &Film," ",Writing Intensive
AACS 200W,Making of Asian American Hist," ",Writing Intensive
EAST 162,Introduction to Korean Cinema,Flexible Core - Creative Expression," "
EDUCN 105,Education in Global Times,Flexible Core - World Cultures & Global Issues," "
MATH 114,Elementary Prob&Stat,Required Core - Mathematical&QuantitativeReasoning," "
LCD 103,Multilingualism In U.S.,Flexible Core - US Experience in its Diversity," "
HIST 163,VT: Topics in U.S. History,Flexible Core - US Experience in its Diversity," "
PSYCH 107,Statistical Methods,Required Core - Mathematical&QuantitativeReasoning," "
PHIL 104,Introduction to Ethics,Flexible Core - Individual and Society," "
HSS 200,Social Sciences and Society,Flexible Core - Individual and Society," "
GRKMD 250,Modern Greek Film and Media,Flexible Core - Creative Expression," "
PSCI 241,Pol Ethnic Cleansing&Genocide,Flexible Core - Individual and Society," "
MATH 157,Honors Calculus I,Required Core - Mathematical&QuantitativeReasoning," "
ECON 101,Introduction to Macroeconomics,Flexible Core - Individual and Society," "
ARTH 113,Survey of Modern Art,Flexible Core - Creative Expression," "
DATA 205,Introductory Analytics,Required Core - Mathematical&QuantitativeReasoning," "
MATH 142,Calculus/Integration,Required Core - Mathematical&QuantitativeReasoning," "
